City_ID,City,Country,Lat,Lng,Max Temp,Humidity,Cloudiness,Wind Speed,Current Description
0,Isangel,VU,-19.55,169.2667,77.11,73,75,4.03,broken clouds
1,Cape Town,ZA,-33.9258,18.4232,57.11,93,98,6.62,overcast clouds
2,Petershagen,DE,52.3833,8.9667,52.21,90,75,14.94,broken clouds
3,Mahebourg,MU,-20.4081,57.7,80.26,88,75,4.61,broken clouds
4,Ponta Do Sol,PT,32.6667,-17.1,65.71,75,100,4.74,overcast clouds
5,Miyako,JP,39.6367,141.9525,63.43,68,100,10.67,moderate rain
6,Dikson,RU,73.5069,80.5464,30.2,87,99,11.07,overcast clouds
7,Atuona,PF,-9.8,-139.0333,79.34,76,77,16.26,light rain
8,Eureka,US,40.8021,-124.1637,51.67,77,75,4.63,broken clouds
9,Ulkan,RU,57.243,107.3223,49.89,28,63,7.47,broken clouds
10,Castro,BR,-24.7911,-50.0119,58.05,64,100,1.9,overcast clouds
11,Ushuaia,AR,-54.8,-68.3,29.86,93,40,23.02,scattered clouds
12,Buchanan,LR,5.8808,-10.0467,76.96,87,69,2.19,broken clouds
13,Cayenne,GF,4.9333,-52.3333,75.24,90,75,4.0,moderate rain
14,Airai,TL,-8.9266,125.4092,71.22,63,41,5.5,scattered clouds
15,Merauke,ID,-8.4667,140.3333,80.19,78,66,11.92,broken clouds
16,Barrow,US,71.2906,-156.7887,32.02,86,90,16.11,overcast clouds
17,Hilo,US,19.7297,-155.09,74.93,85,90,5.75,overcast clouds
18,Yellowknife,CA,62.456,-114.3525,46.92,46,90,4.0,overcast clouds
19,Rikitea,PF,-23.1203,-134.9692,73.63,69,94,17.27,overcast clouds
20,Ypsonas,CY,34.6884,32.9574,78.49,94,20,2.84,few clouds
21,Sorland,NO,67.667,12.6934,42.87,82,62,19.95,broken clouds
22,Albany,US,42.6001,-73.9662,66.61,91,95,6.26,overcast clouds
23,Tuktoyaktuk,CA,69.4541,-133.0374,28.4,86,90,6.91,overcast clouds
24,Oranjemund,NA,-28.55,16.4333,56.43,81,76,5.66,broken clouds
25,Port Alfred,ZA,-33.5906,26.891,60.48,89,84,10.63,broken clouds
26,Hobart,AU,-42.8794,147.3294,49.91,70,75,1.01,broken clouds
27,Esperance,AU,-33.8667,121.9,67.17,44,100,16.69,overcast clouds
28,Busselton,AU,-33.65,115.3333,67.08,63,100,18.52,overcast clouds
29,Jibuti,DJ,11.5,42.5,85.42,63,100,7.9,overcast clouds
30,Kruisfontein,ZA,-34.0033,24.7314,49.89,80,94,5.84,overcast clouds
31,Cabo San Lucas,MX,22.8909,-109.9124,85.41,55,90,15.5,overcast clouds
32,East London,ZA,-33.0153,27.9116,56.34,94,0,2.3,clear sky
33,Ancud,CL,-41.8697,-73.8203,57.42,94,100,25.68,light rain
34,Jamestown,US,42.097,-79.2353,61.3,88,90,8.05,overcast clouds
35,Hermanus,ZA,-34.4187,19.2345,55.9,73,84,5.55,broken clouds
36,Saldanha,ZA,-33.0117,17.9442,57.31,85,98,3.51,overcast clouds
37,Utiel,ES,39.5667,-1.2,53.65,79,88,1.54,overcast clouds
38,Heinsberg,DE,51.0667,6.0833,53.19,83,75,12.93,light rain
39,Toora-Khem,RU,52.4675,96.11,66.92,47,81,2.28,broken clouds
40,San Patricio,US,28.017,-97.5169,80.46,89,1,12.3,clear sky
41,Bambous Virieux,MU,-20.3428,57.7575,80.22,88,75,4.99,broken clouds
42,Axim,GH,4.8699,-2.2405,79.25,86,84,6.89,broken clouds
43,Mnogovershinnyy,RU,53.9353,139.9242,48.58,61,76,4.34,light rain
44,Vaini,TO,-21.2,-175.2,77.16,73,20,6.91,few clouds
45,Fairbanks,US,64.8378,-147.7164,62.6,41,75,9.22,broken clouds
46,Great Bend,US,38.3645,-98.7648,73.53,53,1,14.97,clear sky
47,Hohhot,CN,40.8106,111.6522,61.09,44,40,28.45,light rain
48,Pevek,RU,69.7008,170.3133,33.44,90,21,1.72,few clouds
49,Bajitpur,BD,24.2167,90.95,89.69,51,99,16.31,overcast clouds
50,Arraial Do Cabo,BR,-22.9661,-42.0278,71.08,88,100,7.76,overcast clouds
51,Bardiyah,LY,31.7561,25.0865,70.75,69,1,12.93,clear sky
52,New Norfolk,AU,-42.7826,147.0587,49.57,66,81,1.01,broken clouds
53,Naica,MX,27.85,-105.4833,83.8,16,30,8.79,scattered clouds
54,Avarua,CK,-21.2078,-159.775,80.65,83,40,8.05,light rain
55,Clyde River,CA,70.4692,-68.5914,23.02,86,54,8.57,broken clouds
56,Punta Arenas,CL,-53.15,-70.9167,30.31,74,20,7.9,few clouds
57,Katsuura,JP,35.1333,140.3,63.19,94,100,17.34,light rain
58,Bara,NG,10.3744,10.7288,78.58,72,29,8.55,scattered clouds
59,Margate,GB,51.3813,1.3862,52.21,79,12,3.0,few clouds
60,Mataura,NZ,-46.1927,168.8643,49.48,78,100,2.73,light rain
61,Tasiilaq,GL,65.6145,-37.6368,41.16,94,100,24.0,overcast clouds
62,Usinsk,RU,65.9939,57.5281,40.35,51,56,10.02,broken clouds
63,Upernavik,GL,72.7868,-56.1549,29.84,89,70,5.64,broken clouds
64,Puerto Ayora,EC,-0.7393,-90.3518,74.55,93,60,4.0,broken clouds
65,Banda Aceh,ID,5.5577,95.3222,81.97,76,100,11.39,overcast clouds
66,Onalaska,US,43.8844,-91.2351,57.06,71,1,6.91,clear sky
67,Tiksi,RU,71.6872,128.8694,38.73,86,47,4.14,scattered clouds
68,Kinel-Cherkassy,RU,53.4706,51.4743,63.66,54,0,10.47,clear sky
69,Olafsvik,IS,64.8945,-23.7142,45.36,86,55,6.33,broken clouds
70,Karratha,AU,-20.7377,116.8463,81.23,44,92,18.54,moderate rain
71,Georgetown,MY,5.4112,100.3354,80.89,92,40,4.07,light rain
72,Prince Rupert,CA,54.3161,-130.3201,49.69,93,90,2.3,light rain
73,Bluff,NZ,-46.6,168.3333,49.8,74,100,7.58,moderate rain
74,Bull Savanna,JM,17.8868,-77.5902,75.13,88,27,5.23,scattered clouds
75,Batticaloa,LK,7.7102,81.6924,83.86,68,100,20.45,overcast clouds
76,Lebu,CL,-37.6167,-73.65,56.79,96,100,7.0,overcast clouds
77,Saint Anthony,US,45.0205,-93.218,56.93,60,40,1.01,scattered clouds
78,Helena,US,46.5927,-112.0361,47.39,85,1,3.44,clear sky
79,Port Elizabeth,ZA,-33.918,25.5701,53.89,87,0,3.44,clear sky
80,Port Hardy,CA,50.6996,-127.4199,48.38,93,90,17.27,light rain
81,Mar Del Plata,AR,-38.0023,-57.5575,53.13,59,0,7.0,clear sky
82,Saint-Philippe,RE,-21.3585,55.7679,80.15,77,17,1.7,few clouds
83,Pangnirtung,CA,66.1451,-65.7125,22.96,86,100,5.82,overcast clouds
84,Bredasdorp,ZA,-34.5322,20.0403,52.92,87,100,3.62,overcast clouds
85,Sola,VU,-13.8833,167.55,77.22,64,95,13.44,overcast clouds
86,Sigli,ID,5.3848,95.9609,85.14,63,100,0.72,overcast clouds
87,Vila Velha,BR,-20.3297,-40.2925,75.15,94,90,2.3,overcast clouds
88,Vila Do Maio,CV,15.1333,-23.2167,70.59,84,8,17.09,clear sky
89,Thompson,CA,55.7435,-97.8558,26.76,86,1,0.0,clear sky
90,Qaqortoq,GL,60.7167,-46.0333,36.1,85,98,7.09,overcast clouds
91,Huaura,PE,-11.07,-77.5994,65.75,90,40,2.91,scattered clouds
92,Chuy,UY,-33.6971,-53.4616,53.64,85,37,11.5,scattered clouds
93,Qostanay,KZ,53.1667,63.5833,66.49,42,0,15.66,clear sky
94,Maceio,BR,-9.6658,-35.7353,74.64,94,75,11.23,broken clouds
95,Flinders,AU,-34.5833,150.8552,67.21,50,0,5.99,clear sky
96,Maldonado,UY,-34.6667,-54.9167,57.22,90,37,12.08,scattered clouds
97,Imbituba,BR,-28.24,-48.6703,58.89,80,11,5.61,few clouds
98,Kapaa,US,22.0752,-159.319,80.58,79,20,8.88,few clouds
99,Zelenogorskiy,RU,55.0333,87.0,73.92,51,90,9.31,overcast clouds
100,Grunwald,DE,48.0395,11.5232,48.22,89,90,1.01,overcast clouds
101,San Juan Del Sur,NI,11.2529,-85.8705,80.08,81,100,22.19,overcast clouds
102,Severo-Kurilsk,RU,50.6789,156.125,39.2,94,100,9.57,overcast clouds
103,Carnarvon,AU,-24.8667,113.6333,84.27,30,2,12.66,clear sky
104,Port Macquarie,AU,-31.4333,152.9167,66.88,54,29,9.46,scattered clouds
105,Cockburn Town,TC,21.4612,-71.1419,78.64,79,8,14.54,clear sky
106,Souillac,MU,-20.5167,57.5167,81.36,88,75,4.61,broken clouds
107,Pimentel,PE,-6.8367,-79.9342,66.0,86,76,3.0,broken clouds
108,Odienne,CI,9.51,-7.5692,70.66,94,80,1.68,light rain
109,Beringovskiy,RU,63.05,179.3167,32.92,97,100,18.52,light snow
110,Shaghat,AM,39.5625,45.9143,57.9,75,12,3.29,few clouds
111,Sinnamary,GF,5.3833,-52.95,77.07,93,99,8.05,moderate rain
112,Hithadhoo,MV,-0.6,73.0833,83.73,71,90,18.88,overcast clouds
113,Nakamura,JP,32.9833,132.9333,75.54,77,99,7.52,overcast clouds
114,Vostok,RU,46.4856,135.8833,61.43,39,93,0.83,overcast clouds
115,Cheney,US,47.4874,-117.5758,62.62,52,40,6.78,scattered clouds
116,Ptuj,SI,46.4201,15.8702,55.18,93,0,2.48,clear sky
117,Todos Santos,MX,23.45,-110.2167,82.74,57,99,8.5,overcast clouds
118,Ghanzi,BW,-21.5667,21.7833,49.93,44,1,5.82,clear sky
119,Haapsalu,EE,58.9431,23.5414,52.02,85,91,14.92,overcast clouds
120,Korla,CN,41.7597,86.1469,88.66,8,99,8.93,overcast clouds
121,Iqaluit,CA,63.7506,-68.5145,29.93,86,90,6.91,overcast clouds
122,Biloela,AU,-24.4167,150.5,76.93,26,15,17.67,few clouds
123,Zaozerne,UA,45.1582,33.2787,65.52,67,43,11.3,scattered clouds
124,Wilmington,US,34.2257,-77.9447,75.94,79,1,6.91,clear sky
125,Meiktila,MM,20.8667,95.8667,94.86,35,18,11.65,few clouds
126,Chokurdakh,RU,70.6333,147.9167,44.62,71,31,10.47,scattered clouds
127,Baykit,RU,61.67,96.37,50.49,50,38,6.85,scattered clouds
128,Khatanga,RU,71.9667,102.5,29.19,79,72,8.66,broken clouds
129,Teya,RU,60.3778,92.6267,54.34,37,100,11.01,overcast clouds
130,Verkhnechusovskiye Gorodki,RU,58.1671,57.1086,47.95,57,87,7.63,overcast clouds
131,Enfield,AU,-34.8526,138.6026,65.82,66,75,7.0,broken clouds
132,Kavaratti,IN,10.5669,72.642,83.46,75,100,14.94,overcast clouds
133,Qaanaaq,GL,77.484,-69.3632,29.16,73,0,5.91,clear sky
134,Talnakh,RU,69.4865,88.3972,27.52,82,51,6.42,broken clouds
135,Tessalit,ML,20.1986,1.0114,86.9,8,61,10.87,broken clouds
136,Nsunga,TZ,-1.1439,31.3947,64.27,86,99,2.82,overcast clouds
137,Nantucket,US,41.2835,-70.0995,65.08,95,90,17.27,overcast clouds
138,Nikolskoye,RU,59.7035,30.7861,53.49,81,44,4.9,scattered clouds
139,Macara,EC,-4.3833,-79.95,68.47,94,48,1.05,scattered clouds
140,Lichinga,MZ,-13.3128,35.2406,51.89,87,20,4.61,few clouds
141,Adrar,MR,20.5022,-10.0711,81.19,25,0,10.94,clear sky
142,Vaitape,PF,-16.5167,-151.75,81.07,70,17,13.18,few clouds
143,Bodaybo,RU,57.8506,114.1933,62.87,34,95,4.68,overcast clouds
144,Brae,GB,60.3964,-1.353,48.11,83,100,14.79,overcast clouds
145,Ormara,PK,25.2088,64.6357,86.11,81,6,8.23,clear sky
146,Los Llanos De Aridane,ES,28.6585,-17.9182,64.15,83,90,11.86,overcast clouds
147,Lotoshino,RU,56.2267,35.6414,54.93,76,11,2.93,few clouds
148,Labuhan,ID,-6.8844,112.2051,89.65,58,23,13.27,few clouds
149,Pangai,TO,-19.8,-174.35,77.11,73,40,5.75,scattered clouds
150,Tigil,RU,57.8,158.6667,52.65,41,64,10.69,broken clouds
151,Zeya,RU,53.75,127.2667,55.36,50,100,0.69,overcast clouds
152,Tyrma,RU,50.0833,132.1667,61.54,48,67,5.26,broken clouds
153,Saskylakh,RU,71.9167,114.0833,38.43,71,100,13.96,overcast clouds
154,Kulhudhuffushi,MV,6.6221,73.07,83.77,75,92,23.71,overcast clouds
155,Lompoc,US,34.6391,-120.4579,60.13,80,90,4.61,overcast clouds
156,Maxixe,MZ,-23.8597,35.3472,57.02,88,20,0.0,few clouds
157,Alofi,NU,-19.0595,-169.9187,73.29,100,28,3.44,light rain
158,Ixtapa,MX,20.7,-105.2,78.22,73,1,2.26,clear sky
159,Mount Isa,AU,-20.7333,139.5,76.77,19,1,18.41,clear sky
160,Kununurra,AU,-15.7667,128.7333,89.58,25,55,20.76,broken clouds
161,Te Anau,NZ,-45.4167,167.7167,44.76,92,100,4.16,overcast clouds
162,Ahipara,NZ,-35.1667,173.1667,56.68,59,46,2.64,scattered clouds
163,Grand Forks,US,47.9417,-97.4337,40.93,62,90,9.22,overcast clouds
164,Fuzhou,CN,26.0614,119.3061,85.89,74,100,1.83,moderate rain
165,Upata,VE,8.0086,-62.3989,72.19,93,100,5.86,overcast clouds
166,Elk City,US,35.412,-99.4043,75.88,78,1,11.5,clear sky
167,Stephenville,US,32.2207,-98.2023,77.0,86,1,9.22,clear sky
168,Mehamn,NO,71.0357,27.8492,42.75,61,20,12.66,few clouds
169,Vanavara,RU,60.34,102.2797,52.65,29,4,3.02,clear sky
170,Victoria,HK,22.2855,114.1577,91.45,72,33,8.99,scattered clouds
171,Caravelas,BR,-17.7125,-39.2481,70.63,98,28,4.16,scattered clouds
172,Chenzhou,CN,25.8,113.0333,76.77,89,100,7.14,light rain
173,Namibe,AO,-15.1961,12.1522,72.93,59,0,2.1,clear sky
174,Columbus,US,39.9612,-82.9988,66.54,93,75,1.01,broken clouds
175,Skjervoy,NO,70.0311,20.9714,42.8,78,94,11.21,overcast clouds
176,Te Horo,NZ,-40.8084,175.1233,53.67,76,17,1.01,few clouds
177,Port Lincoln,AU,-34.7333,135.8667,61.23,62,99,8.28,overcast clouds
178,Ingham,US,42.6,-84.3833,60.98,74,1,10.36,clear sky
179,Bethel,US,41.3712,-73.414,69.73,88,100,7.4,moderate rain
180,Aykhal,RU,66.0,111.5,55.9,42,97,9.19,overcast clouds
181,Yulara,AU,-25.2406,130.9889,66.04,30,92,14.97,overcast clouds
182,Lulea,SE,65.5842,22.1547,44.67,57,0,8.05,clear sky
183,Porto Novo,BJ,6.4965,2.6036,80.42,87,98,6.4,overcast clouds
184,Skelleftea,SE,64.7507,20.9528,43.16,65,20,11.32,few clouds
185,Beloha,MG,-25.1667,45.05,66.04,85,2,5.06,clear sky
186,Leningradskiy,RU,69.3833,178.4167,36.25,76,19,5.75,few clouds
187,Takoradi,GH,4.8845,-1.7554,79.0,88,98,7.43,overcast clouds
188,Brownsville,US,25.9018,-97.4975,80.1,89,40,1.99,scattered clouds
189,Aqtobe,KZ,50.2797,57.2072,73.49,35,0,15.66,clear sky
190,Bengkulu,ID,-3.8004,102.2655,89.44,59,65,7.29,broken clouds
191,Mao,ES,39.8885,4.2658,55.96,82,0,5.75,clear sky
192,Guerrero Negro,MX,27.9769,-114.0611,61.29,89,62,11.79,broken clouds
193,Necochea,AR,-38.5473,-58.7368,51.53,72,81,9.19,broken clouds
194,Igarka,RU,67.4667,86.5833,33.96,59,30,11.59,scattered clouds
195,Yarada,IN,17.65,83.2667,98.92,32,75,10.78,broken clouds
196,Iranshahr,IR,27.2025,60.6848,98.94,14,0,6.91,clear sky
197,Kolondieba,ML,11.0882,-6.8926,81.72,59,99,2.48,light rain
198,Butaritari,KI,3.0707,172.7902,82.94,80,77,18.59,light rain
199,Grindavik,IS,63.8424,-22.4338,43.27,81,75,24.94,broken clouds
200,Nuevo Progreso,MX,23.1667,-97.95,80.6,78,4,2.19,clear sky
201,Kishi,NG,9.0833,3.85,75.25,88,89,8.84,overcast clouds
202,Blagoyevo,RU,63.3667,47.9167,44.31,40,73,4.9,broken clouds
203,Makakilo City,US,21.3469,-158.0858,79.12,61,75,6.91,broken clouds
204,Quatre Cocos,MU,-20.2078,57.7625,81.09,78,21,6.13,few clouds
205,Sarangani,PH,5.4033,125.4636,84.45,72,98,11.7,overcast clouds
206,Mecca,SA,21.4267,39.8261,87.15,47,8,8.86,clear sky
207,Tura,IN,25.5198,90.2201,79.52,71,100,5.66,overcast clouds
208,Lamu,KE,-2.2717,40.902,78.35,81,18,12.08,light rain
209,Corner Brook,CA,48.9667,-57.9484,55.56,93,100,17.22,moderate rain
210,Provideniya,RU,64.3833,-173.3,44.71,49,0,24.61,clear sky
211,Lagoa,PT,39.05,-27.9833,58.73,66,100,16.37,overcast clouds
212,Nalut,LY,30.3333,10.85,74.39,32,22,17.94,few clouds
213,Mount Gambier,AU,-37.8333,140.7667,58.53,65,41,12.19,scattered clouds
214,Longyearbyen,SJ,78.2186,15.6401,33.64,80,40,8.05,scattered clouds
215,Hasaki,JP,35.7333,140.8333,61.29,93,100,11.81,light rain
216,Cidreira,BR,-30.1811,-50.2056,55.24,73,80,6.87,broken clouds
217,Nanchang,CN,28.6833,115.8833,80.42,69,100,5.93,light rain
218,Pisco,PE,-13.7,-76.2167,64.45,94,90,5.75,overcast clouds
219,Saint George,US,37.1041,-113.5841,76.95,14,1,1.01,clear sky
220,Tres Arroyos,AR,-38.3739,-60.2798,50.52,65,99,9.17,overcast clouds
221,Kaitangata,NZ,-46.2817,169.8464,42.93,63,100,3.51,overcast clouds
222,Kupang,ID,-10.1667,123.5833,90.18,48,20,23.02,few clouds
223,Batagay-Alyta,RU,67.8006,130.4114,58.39,35,16,5.41,few clouds
224,Kieta,PG,-6.2167,155.6333,77.95,91,100,1.45,moderate rain
225,Mattru,SL,7.6244,-11.8332,74.21,98,92,3.0,overcast clouds
226,Xuanzhou,CN,30.9525,118.7553,80.67,65,99,9.93,overcast clouds
227,Antigonish,CA,45.6169,-61.9986,62.96,89,44,4.0,scattered clouds
228,Alberton,CA,46.8168,-64.0654,59.13,87,51,19.86,broken clouds
229,Rocha,UY,-34.4833,-54.3333,53.87,82,34,11.81,scattered clouds
230,Panzhihua,CN,26.5851,101.7128,71.55,60,100,2.68,overcast clouds
231,Chicama,PE,-7.8447,-79.1469,68.77,85,31,4.47,scattered clouds
232,Sao Jose Da Coroa Grande,BR,-8.8978,-35.1478,76.42,80,56,11.18,light rain
233,Sidi Ali,DZ,36.0998,0.4206,62.26,83,100,6.51,overcast clouds
234,Nurota,UZ,40.5614,65.6886,87.89,15,43,3.42,scattered clouds
235,Mill Valley,US,37.906,-122.545,58.14,83,2,7.0,clear sky
236,Cherskiy,RU,68.75,161.3,62.69,31,75,8.86,broken clouds
237,Acobamba,PE,-11.3525,-75.6594,48.0,89,100,3.91,overcast clouds
238,Faanui,PF,-16.4833,-151.75,81.07,70,17,13.22,few clouds
239,Ruston,US,32.5232,-92.6379,73.09,88,1,4.61,clear sky
240,Kaoma,ZM,-14.7833,24.8,46.06,62,0,5.46,clear sky
241,Moerai,PF,-22.4333,-151.3333,76.87,75,10,12.26,clear sky
242,Jaru,BR,-10.4389,-62.4664,71.65,90,5,1.32,clear sky
243,Naze,JP,28.3667,129.4833,72.52,86,99,15.14,overcast clouds
244,Yarovoye,RU,52.9273,78.58,73.74,32,96,17.34,overcast clouds
245,Concordia,AR,-31.393,-58.0209,49.78,100,1,3.36,clear sky
246,Samarai,PG,-10.6167,150.6667,80.13,71,82,14.43,broken clouds
247,Manbij,SY,36.5281,37.9549,77.77,31,0,5.3,clear sky
248,Ouadda,CF,8.0777,22.4007,69.39,89,100,7.54,overcast clouds
249,Burnie,AU,-41.0667,145.9167,55.92,55,9,16.96,clear sky
250,Kodiak,US,57.79,-152.4072,52.65,65,0,3.42,clear sky
251,Vila Franca Do Campo,PT,37.7167,-25.4333,59.41,78,89,10.33,overcast clouds
252,Svetlaya,RU,46.5389,138.3297,47.37,76,99,6.87,overcast clouds
253,Acarau,BR,-2.8856,-40.12,77.22,87,46,13.04,scattered clouds
254,Port Hawkesbury,CA,45.6169,-61.3485,63.01,87,1,7.0,clear sky
255,Belaya Gora,RU,68.5333,146.4167,65.01,32,75,14.03,broken clouds
256,Wencheng,CN,33.0559,113.7978,85.39,34,100,14.65,overcast clouds
257,Kamenka,RU,51.3223,42.7678,64.67,59,60,7.07,broken clouds
258,Uvalde,US,29.3669,-99.767,78.19,22,11,15.14,few clouds
259,Cabedelo,BR,-6.9811,-34.8339,74.07,85,63,10.49,broken clouds
260,Gat,IL,31.61,34.7642,76.91,37,0,1.12,clear sky
261,Alencon,FR,48.4333,0.0833,50.79,95,49,2.17,scattered clouds
262,Mana,GF,5.6592,-53.7767,76.6,93,100,7.76,moderate rain
263,Groton,US,41.3501,-72.0784,69.8,84,40,1.01,scattered clouds
264,Homer,US,59.6425,-151.5483,62.08,51,1,9.22,clear sky
265,Hambantota,LK,6.1241,81.1185,85.21,69,96,24.94,overcast clouds
266,Torbay,CA,47.6666,-52.7314,49.57,96,90,23.02,overcast clouds
267,Blackpool,GB,53.8167,-3.05,48.22,85,8,3.13,clear sky
268,Oxelosund,SE,58.6706,17.1015,44.98,93,75,9.78,light rain
269,Praya,CV,14.9215,-23.5087,70.34,78,20,16.11,few clouds
270,Sistranda,NO,63.7256,8.834,54.9,80,73,7.7,broken clouds
271,Iquitos,PE,-3.7481,-73.2472,73.44,94,75,0.0,broken clouds
272,Gillette,US,44.2911,-105.5022,44.24,93,1,8.01,clear sky
273,Manoel Urbano,BR,-8.8389,-69.2597,72.3,82,18,0.69,few clouds
274,Matamoros,MX,25.5333,-103.25,84.11,39,54,17.94,broken clouds
275,Sohag,EG,26.557,31.6948,84.07,21,0,8.99,clear sky
276,Tanout,NE,14.9709,8.8879,78.84,11,6,7.54,clear sky
277,Sar-E Pul,AF,35.8333,66.1667,74.46,19,3,5.01,clear sky
278,Vardo,NO,70.3705,31.1107,44.8,74,92,20.83,overcast clouds
279,Funtua,NG,11.5233,7.3081,75.97,65,74,11.03,broken clouds
280,Pacific Grove,US,36.6177,-121.9166,55.85,87,90,3.0,overcast clouds
281,Bathsheba,BB,13.2167,-59.5167,81.21,65,40,16.67,scattered clouds
282,Porto Walter,BR,-8.2686,-72.7439,71.38,91,51,0.54,broken clouds
283,Bourail,NC,-21.5667,165.4833,71.22,70,51,5.12,broken clouds
284,Fare,PF,-16.7,-151.0167,81.0,70,15,11.63,few clouds
285,Huarmey,PE,-10.0681,-78.1522,66.49,91,49,3.51,scattered clouds
286,Shingu,JP,33.7333,135.9833,70.92,98,100,6.13,moderate rain
287,Santa Cruz,BO,-17.8,-63.1667,69.26,94,75,6.24,broken clouds
288,Gusinoye Ozero,RU,51.1144,106.2614,58.69,29,5,14.85,clear sky
289,Quimper,FR,48.0,-4.1,52.38,93,90,0.0,overcast clouds
290,Ribeira Grande,PT,38.5167,-28.7,59.4,68,97,15.82,overcast clouds
291,Popondetta,PG,-8.7537,148.2534,81.81,67,100,6.71,overcast clouds
292,Hualmay,PE,-11.0964,-77.6139,65.5,91,43,3.27,scattered clouds
293,Waingapu,ID,-9.6567,120.2641,85.78,58,71,17.87,broken clouds
294,Prince Albert,CA,53.2001,-105.7677,44.55,49,20,11.5,light rain
295,Wuxue,CN,29.8506,115.5525,84.0,55,97,4.32,overcast clouds
296,Avera,US,33.194,-82.5271,80.47,53,69,7.63,broken clouds
297,Roswell,US,34.0232,-84.3616,74.55,72,1,3.44,clear sky
298,Bocanda,CI,7.0626,-4.4995,74.03,98,100,6.22,overcast clouds
299,Shirokiy,RU,49.758,129.523,62.78,44,29,6.2,scattered clouds
300,Zhigansk,RU,66.7697,123.3711,60.62,34,52,16.02,broken clouds
301,Agadir,MA,30.4202,-9.5982,64.85,91,11,1.21,few clouds
302,Morros,BR,-9.4467,-46.3003,66.58,46,2,2.04,clear sky
303,La Union,PE,-5.4,-80.75,71.92,77,11,8.61,few clouds
304,Meulaboh,ID,4.1363,96.1285,79.03,84,100,6.87,overcast clouds
305,Kokopo,PG,-4.352,152.2633,77.14,89,100,3.11,overcast clouds
306,Berlevag,NO,70.8578,29.0864,42.8,56,0,20.71,clear sky
307,Manzil Salim,TN,35.8567,8.4765,78.8,44,100,3.18,overcast clouds
308,Kortkeros,RU,61.8106,51.5806,42.8,36,32,0.63,scattered clouds
309,Jalpa,MX,21.6333,-102.9667,80.4,37,64,7.49,broken clouds
310,Gueugnon,FR,46.6036,4.0629,53.1,93,100,2.98,overcast clouds
311,Puerto Escondido,MX,15.85,-97.0667,82.76,73,99,4.47,overcast clouds
312,Sao Gabriel Da Cachoeira,BR,-0.1303,-67.0892,71.06,100,99,1.61,overcast clouds
313,Lima,PE,-12.0432,-77.0282,62.13,94,90,5.75,overcast clouds
314,Hailey,US,43.5196,-114.3153,44.46,76,1,5.75,clear sky
315,Nelson Bay,AU,-32.7167,152.15,68.0,54,0,1.99,clear sky
316,Carballo,ES,43.213,-8.691,53.87,95,62,2.08,light rain
317,Hanting,CN,36.7708,119.2108,86.9,17,0,12.19,clear sky
318,Shumerlya,RU,55.5005,46.4129,61.84,61,7,3.8,clear sky
319,Tatvan,TR,38.5067,42.2817,63.54,36,0,1.99,clear sky
320,Mbulu,TZ,-3.85,35.5333,55.44,83,85,7.83,overcast clouds
321,Kloulklubed,PW,7.0419,134.2556,84.7,73,33,11.05,scattered clouds
322,Mastic Beach,US,40.7668,-72.8521,70.03,92,40,1.01,scattered clouds
323,Khandyga,RU,62.6667,135.6,63.91,30,50,2.91,scattered clouds
324,Salvador,SV,13.8333,-88.9167,75.06,86,100,1.52,overcast clouds
325,Guisa,CU,20.255,-76.5386,73.71,96,52,3.65,broken clouds
326,Rawson,AR,-43.3002,-65.1023,50.49,73,100,11.81,light rain
327,Ust-Karsk,RU,52.7011,118.8077,48.0,87,100,5.32,light rain
328,Benjamin Hill,MX,30.1667,-111.1,76.87,17,94,4.25,overcast clouds
329,Eagle Pass,US,28.7091,-100.4995,83.25,71,47,21.54,scattered clouds
330,Klaksvik,FO,62.2266,-6.589,40.12,77,98,13.87,overcast clouds
331,Lautaro,CL,-38.5167,-72.45,55.38,93,100,5.84,overcast clouds
332,Biscarrosse,FR,44.3945,-1.1672,52.34,93,0,5.12,clear sky
333,Huntsville,US,34.7304,-86.5861,71.19,93,1,5.99,clear sky
334,Banjar,ID,-8.19,114.9675,85.86,59,7,3.38,clear sky
335,Ilongero,TZ,-4.6667,34.8667,59.22,73,79,9.22,broken clouds
336,Lavrentiya,RU,65.5833,-171.0,37.45,72,55,12.95,broken clouds
337,Taoudenni,ML,22.6783,-3.9836,90.95,22,100,5.1,overcast clouds
338,Vanimo,PG,-2.6741,141.3028,85.82,67,38,9.73,scattered clouds
339,Luanda,AO,-8.8368,13.2343,78.8,78,75,2.3,broken clouds
340,Antofagasta,CL,-23.65,-70.4,58.28,65,100,2.46,overcast clouds
341,San Jose,US,37.3394,-121.895,57.34,77,1,8.05,clear sky
342,Ilulissat,GL,69.2167,-51.1,53.62,30,40,28.77,scattered clouds
343,Waverly,US,42.7392,-84.6208,57.47,74,1,11.5,clear sky
344,Mujiayingzi,CN,42.1167,118.7833,60.69,50,98,18.81,moderate rain
345,Deputatskiy,RU,69.3,139.9,53.42,51,95,20.71,overcast clouds
346,Gampengrejo,ID,-7.7667,112.0167,89.98,51,26,2.84,scattered clouds
347,Sao Filipe,CV,14.8961,-24.4956,73.35,77,0,12.39,clear sky
348,Lorengau,PG,-2.0226,147.2712,76.77,92,100,14.38,overcast clouds
349,Yemtsa,RU,63.0734,40.3329,34.48,98,100,6.85,light snow
350,Telhara,IN,21.0269,76.8389,95.59,40,54,16.22,broken clouds
351,Panlaitan,PH,12.1191,119.8486,85.6,68,39,2.06,scattered clouds
352,Strezhevoy,RU,60.7333,77.5889,39.18,95,100,20.02,light rain
353,Talagang,PK,32.9297,72.4158,98.96,10,0,8.59,clear sky
354,Kavieng,PG,-2.5744,150.7967,81.0,85,100,12.3,light rain
355,Gorazde,BA,43.6669,18.9764,63.72,84,24,0.13,few clouds
356,Gazalkent,UZ,41.5581,69.7708,86.36,26,79,1.52,broken clouds
357,Whitehorse,CA,60.7161,-135.0538,48.02,65,20,3.0,light rain
358,Hay River,CA,60.8156,-115.7999,51.78,35,75,10.36,broken clouds
359,Churapcha,RU,62.0025,132.4325,57.72,54,100,10.92,light rain
360,Sao Miguel Do Araguaia,BR,-13.275,-50.1628,74.37,44,67,3.53,broken clouds
361,Bima,ID,-8.4667,118.7167,89.89,58,52,1.63,broken clouds
362,Constitucion,CL,-35.3333,-72.4167,56.05,88,26,5.95,scattered clouds
363,Nome,US,64.5011,-165.4064,60.87,36,1,6.91,clear sky
364,Ocean Springs,US,30.4113,-88.8278,73.42,97,7,5.79,clear sky
365,Pemba,MZ,-12.974,40.5178,68.7,83,20,9.22,few clouds
366,Poum,NC,-20.2333,164.0167,73.36,62,1,13.09,clear sky
367,Port Hedland,AU,-20.3167,118.5667,80.85,53,86,13.27,light rain
368,Pithiviers,FR,48.1667,2.25,51.19,95,79,1.95,broken clouds
369,Bilibino,RU,68.0546,166.4372,52.12,46,11,8.95,few clouds
370,Ishigaki,JP,24.3448,124.1572,89.73,74,40,21.85,scattered clouds
371,Kurumkan,RU,54.3,110.3,56.52,37,58,8.3,broken clouds
372,Ust-Ilimsk,RU,58.0006,102.6619,47.39,49,84,9.71,broken clouds
373,Havre-Saint-Pierre,CA,50.2334,-63.5986,50.59,93,90,5.75,overcast clouds
374,Oyama,JP,36.3,139.8,63.82,93,100,4.88,overcast clouds
375,Zabol,AF,32.25,67.25,80.64,8,0,1.19,clear sky
376,Grand Gaube,MU,-20.0064,57.6608,81.37,66,8,1.01,clear sky
377,Leua,SK,48.2156,18.6071,55.49,80,14,2.28,few clouds
378,Oskemen,KZ,49.9565,82.6119,85.96,35,33,0.4,scattered clouds
379,Middletown,US,39.5151,-84.3983,69.08,93,1,5.75,clear sky
380,Teacapan,MX,22.55,-105.75,77.2,74,26,3.2,scattered clouds
381,Vila,PT,42.0304,-8.1588,51.33,89,78,3.13,broken clouds
382,Honningsvag,NO,70.9821,25.9704,42.33,75,100,12.66,overcast clouds
383,Hofn,IS,64.2539,-15.2082,42.03,81,65,4.07,broken clouds
384,Houma,US,29.5958,-90.7195,77.0,93,90,0.0,overcast clouds
385,Shubarshi,KZ,48.5872,57.1869,82.42,38,11,13.42,few clouds
386,Marrakesh,MA,31.6315,-8.0083,59.07,94,40,6.91,scattered clouds
387,Vanderhoof,CA,54.0166,-124.0198,48.11,98,100,3.4,light rain
388,Paamiut,GL,61.994,-49.6678,36.68,86,84,4.83,broken clouds
389,Verkhnyaya Maksakovka,RU,61.635,50.9674,42.82,61,75,2.24,broken clouds
390,Dingle,PH,10.9995,122.6711,90.19,59,71,7.96,light rain
391,Iisalmi,FI,63.5592,27.1907,37.42,98,100,7.27,overcast clouds
392,Kashi,CN,39.4547,75.9797,81.61,11,0,1.34,clear sky
393,Wanaka,NZ,-44.7,169.15,43.75,78,100,5.82,overcast clouds
394,Bukama,CD,-9.2,25.85,59.23,63,1,3.33,clear sky
395,Luderitz,NA,-26.6481,15.1594,59.86,77,57,7.2,broken clouds
396,Rio Gallegos,AR,-51.6226,-69.2181,24.85,93,0,5.75,clear sky
397,Harnosand,SE,62.6323,17.9379,48.22,83,99,24.63,overcast clouds
398,Mahon,ES,39.8885,4.2658,55.96,82,0,5.75,clear sky
399,Chumikan,RU,54.7183,135.315,42.01,70,100,8.77,overcast clouds
400,Darhan,MN,49.4867,105.9228,61.38,26,20,14.12,few clouds
401,Shelbyville,US,35.4834,-86.4603,69.12,62,1,0.0,clear sky
402,Fortuna,US,40.5982,-124.1573,50.67,64,1,4.61,clear sky
403,Codrington,AU,-38.2667,141.9667,56.82,78,69,18.7,broken clouds
404,Sabha,LY,27.0377,14.4283,78.37,20,0,11.23,clear sky
405,Levelland,US,33.5873,-102.378,67.19,72,84,9.6,broken clouds
406,Ketchikan,US,55.3422,-131.6461,48.67,87,90,0.0,overcast clouds
407,Freeport,US,40.6576,-73.5832,70.52,92,90,1.01,moderate rain
408,Redding,US,40.5865,-122.3917,74.97,26,1,3.0,clear sky
409,Paso De Los Toros,UY,-32.8167,-56.5167,48.54,93,15,8.52,few clouds
410,Lasa,IT,46.6166,10.7002,52.68,91,60,3.15,broken clouds
411,Nur,PL,52.6683,22.3221,56.79,91,100,7.02,overcast clouds
412,El Carmen,CO,8.5106,-73.4478,69.6,92,98,4.05,overcast clouds
413,Diffa,NE,13.3154,12.6113,79.03,16,19,4.94,few clouds
414,Asyut,EG,27.181,31.1837,78.98,25,0,9.26,clear sky
415,Tagusao,PH,9.1924,117.8141,83.48,72,100,2.13,overcast clouds
416,Dandong,CN,40.1292,124.3947,73.58,35,10,6.35,clear sky
417,Krasne,UA,49.9145,24.6134,56.55,85,1,4.41,clear sky
418,Kushima,JP,31.4583,131.2333,77.04,76,95,14.81,overcast clouds
419,Tornio,FI,65.8481,24.1466,44.62,59,5,9.57,clear sky
420,Santa Maria,BR,-29.6842,-53.8069,51.42,70,17,3.78,few clouds
421,San Joaquin,US,37.9333,-121.3011,70.38,45,1,12.66,clear sky
422,Tupik,RU,54.4253,119.9327,43.84,76,100,4.59,overcast clouds
423,Assiniboia,CA,49.6334,-105.9845,40.91,81,100,7.4,overcast clouds
424,Ibra,OM,22.6906,58.5334,96.49,15,3,3.22,clear sky
425,Gangtok,IN,27.3333,88.6167,62.56,96,100,2.51,overcast clouds
426,Quilmana,PE,-12.95,-76.3833,66.97,86,87,1.68,overcast clouds
427,Soanierana Ivongo,MG,-16.9167,49.5833,73.0,78,51,6.4,broken clouds
428,Pitimbu,BR,-7.4706,-34.8086,73.99,84,49,12.75,scattered clouds
429,Lashio,MM,22.9333,97.75,90.61,43,81,2.24,broken clouds
430,Husavik,IS,66.0449,-17.3389,33.71,78,35,9.48,scattered clouds
431,Yemelyanovo,RU,56.1681,92.6767,52.61,66,40,8.97,light rain
432,Nata,PA,8.3333,-80.5167,79.47,91,100,2.59,overcast clouds
433,Ligayan,PH,4.6533,119.4706,84.15,67,44,2.55,scattered clouds
434,Jagalur,IN,14.5333,76.35,81.03,59,100,22.19,overcast clouds
435,Tuatapere,NZ,-46.1333,167.6833,49.82,82,100,6.87,overcast clouds
436,Kutum,SD,14.2,24.6667,78.46,40,93,1.3,overcast clouds
437,Yumen,CN,40.2833,97.2,82.22,7,81,16.91,broken clouds
438,Puerto Cabezas,NI,14.0351,-83.3888,78.24,87,95,11.88,overcast clouds
439,Lakatoro,VU,-16.0999,167.4164,76.48,65,55,7.65,broken clouds
440,Richards Bay,ZA,-28.783,32.0377,61.99,92,25,5.99,scattered clouds
441,Scarborough,GB,54.2797,-0.4044,49.53,90,56,1.99,broken clouds
442,Linares,CL,-35.85,-71.6,51.91,84,77,2.13,broken clouds
443,Sungai Petani,MY,5.647,100.4877,87.69,80,100,3.74,overcast clouds
444,Bogovarovo,RU,58.9785,47.0246,52.41,57,96,7.78,overcast clouds
445,Daru,PG,-9.0763,143.2092,80.38,75,96,14.58,overcast clouds
446,Maryville,US,35.7565,-83.9705,73.6,79,75,0.0,broken clouds
447,Tiarei,PF,-17.5333,-149.3333,78.01,74,35,7.61,scattered clouds
448,Manzhouli,CN,49.6,117.4333,59.23,34,63,6.35,light rain
449,Coihaique,CL,-45.5752,-72.0662,42.75,100,90,3.44,moderate rain
450,Pokrovsk,UA,48.282,37.1758,67.96,55,91,6.13,overcast clouds
451,Kerema,PG,-7.9631,145.7785,80.64,74,97,10.94,overcast clouds
452,Yinchuan,CN,38.4681,106.2731,84.97,11,0,14.81,clear sky
453,Oktyabrskiy,RU,54.4815,53.471,59.68,62,1,8.46,clear sky
454,Tazovskiy,RU,67.4667,78.7,31.5,71,90,10.51,overcast clouds
455,Catamarca,AR,-28.4696,-65.7852,56.77,74,2,5.68,clear sky
456,Tigzirt,DZ,36.8886,4.1198,62.62,89,57,8.01,broken clouds
457,Alta Floresta,BR,-9.8756,-56.0861,69.4,74,7,3.0,clear sky
458,Montrose,US,38.4166,-108.2673,51.21,29,99,3.53,overcast clouds
459,Verkhoyansk,RU,67.5447,133.385,66.0,23,16,3.51,few clouds
460,Puerto Leguizamo,CO,-0.1934,-74.7819,69.91,99,98,0.67,overcast clouds
461,Aklavik,CA,68.2191,-135.0107,31.03,63,100,8.37,overcast clouds
462,Olga,RU,43.7444,135.2892,45.73,97,100,8.03,overcast clouds
463,Salamiyah,SY,35.0113,37.0532,76.19,31,0,6.15,clear sky
464,Las Vegas,US,36.175,-115.1372,83.43,14,20,1.01,few clouds
465,Hearst,CA,49.6835,-83.6665,32.25,83,96,6.13,overcast clouds
466,Uyuni,BO,-20.4597,-66.825,42.35,60,100,5.06,overcast clouds
467,Kosa,RU,59.9445,54.9977,47.19,42,67,5.46,broken clouds
468,Poroshkovo,UA,48.6683,22.7533,59.02,68,0,1.39,clear sky
469,Bonavista,CA,48.6499,-53.1147,46.11,97,100,19.06,light rain
470,Belmonte,BR,-15.8631,-38.8828,70.3,82,0,1.74,clear sky
471,Shellbrook,CA,53.2168,-106.4011,43.83,68,20,9.06,light rain
472,Pryazha,RU,61.6926,33.6216,47.43,86,98,0.69,light rain
473,Jalu,LY,29.0331,21.5482,78.6,25,0,3.06,clear sky
474,Muroto,JP,33.2833,134.15,68.04,89,100,12.44,overcast clouds
475,Bay Roberts,CA,47.5999,-53.2648,50.32,96,100,7.0,overcast clouds
476,Kendal,GB,54.3268,-2.7476,49.95,98,9,0.92,clear sky
477,Omboue,GA,-1.5746,9.2618,76.39,90,100,6.31,overcast clouds
478,Dongsheng,CN,39.8161,109.9776,65.46,22,3,34.47,clear sky
479,Repino,RU,60.1722,29.8691,53.78,84,41,5.21,scattered clouds
480,Opaka,BG,43.45,26.1667,61.68,84,96,6.46,overcast clouds
481,Baruun-Urt,MN,46.6806,113.2792,56.26,39,100,15.75,light rain
482,Virarajendrapet,IN,12.2,75.8,75.52,72,78,6.24,broken clouds
483,Amahai,ID,-3.3333,128.9167,81.37,82,97,14.5,overcast clouds
484,Myanaung,MM,18.2833,95.3167,93.0,49,86,8.97,overcast clouds
485,Smoky Lake,CA,54.1169,-112.4686,55.98,50,100,15.46,overcast clouds
486,Guilin,CN,25.2819,110.2864,82.51,73,97,1.45,moderate rain
487,Jalpan,MX,21.2333,-99.4833,71.76,92,100,4.32,overcast clouds
488,Zlitan,LY,32.4674,14.5687,69.28,65,89,5.57,overcast clouds
489,Evensk,RU,61.95,159.2333,45.79,73,100,17.43,overcast clouds
490,Okhotsk,RU,59.3833,143.3,42.28,79,100,8.1,overcast clouds
491,Bondoukou,CI,8.0333,-2.8,72.16,96,91,5.75,overcast clouds
492,Chichawatni,PK,30.5333,72.7,107.76,10,0,7.02,clear sky
493,Muros,ES,42.7762,-9.0603,58.23,81,96,5.61,overcast clouds
494,Edd,ER,13.9297,41.6925,89.91,53,88,9.4,overcast clouds
495,Soyo,AO,-6.1349,12.3689,75.24,92,62,5.46,broken clouds
496,Champerico,GT,14.3,-91.9167,83.73,70,100,6.29,overcast clouds
497,Tual,ID,-5.6667,132.75,81.48,72,50,23.02,scattered clouds
498,Songea,TZ,-10.6833,35.65,57.43,75,4,0.89,clear sky
499,Niamtougou,TG,9.7681,1.1053,74.08,79,82,3.76,broken clouds
500,Muli,MV,2.9167,73.5667,84.25,74,50,19.33,scattered clouds
501,Holbeach,GB,52.804,0.0144,50.56,90,13,1.01,few clouds
502,Morant Bay,JM,17.8815,-76.4093,82.02,87,23,8.9,few clouds
503,Merritt,CA,50.1123,-120.7942,58.03,69,100,4.81,overcast clouds
504,Luba,GQ,3.4568,8.5547,73.29,83,100,3.0,light rain
505,Sitka,US,57.0531,-135.33,49.89,76,40,8.05,scattered clouds
506,Mancio Lima,BR,-7.6142,-72.8958,71.35,92,71,1.81,broken clouds
507,Oksfjord,NO,70.2396,22.3479,44.67,75,98,7.16,overcast clouds
508,Marsh Harbour,BS,26.5412,-77.0636,75.83,78,80,6.35,broken clouds
509,Noyabrsk,RU,63.1994,75.4507,40.6,50,100,23.51,overcast clouds
510,Aksarka,RU,66.5606,67.7975,39.72,45,34,5.21,scattered clouds
511,Geraldton,AU,-28.7667,114.6,83.12,19,66,8.39,broken clouds
512,Rosarito,MX,32.3333,-117.0333,59.97,82,13,6.35,few clouds
513,Bridgetown,BB,13.1,-59.6167,81.09,65,40,17.49,scattered clouds
514,Jinka,ET,5.65,36.65,65.95,71,62,3.56,broken clouds
515,Laguna,US,38.421,-121.4238,72.32,49,1,3.0,clear sky
516,Marihatag,PH,8.7936,126.2969,86.38,69,99,7.61,overcast clouds
517,Heihe,CN,50.2441,127.4902,63.18,48,68,1.61,moderate rain
518,Shache,CN,38.4167,77.2406,83.89,10,51,4.27,broken clouds
519,Russell,US,32.3502,-85.1999,72.68,87,20,3.76,few clouds
520,Kumluca,TR,36.3703,30.2869,78.62,53,0,3.09,clear sky
521,Zolotkovo,RU,55.5281,41.1053,60.31,72,74,6.46,broken clouds
522,San Quintin,MX,30.4833,-115.95,59.52,89,98,12.15,overcast clouds
523,Kenai,US,60.5544,-151.2583,67.03,57,1,18.41,clear sky
524,Biak,ID,-0.9131,122.8766,83.55,70,15,8.7,few clouds
525,Tamworth,GB,52.634,-1.6959,47.44,91,5,1.01,clear sky
526,Anadyr,RU,64.75,177.4833,46.0,52,0,26.84,clear sky
527,Gornopravdinsk,RU,60.05,69.9,52.21,45,57,14.25,broken clouds
528,San Cristobal,VE,7.7669,-72.225,73.58,95,46,2.75,scattered clouds
529,Verkhnyaya Inta,RU,65.9811,60.3094,39.85,46,82,8.3,broken clouds
530,Vao,NC,-22.6667,167.4833,71.64,73,18,12.64,few clouds
531,Baillif,GP,16.0202,-61.7463,76.5,78,25,11.34,scattered clouds
532,Norman Wells,CA,65.282,-126.8329,46.44,66,75,16.11,broken clouds
533,Sioux Lookout,CA,50.1001,-91.917,32.38,69,20,3.44,few clouds
534,Olinda,BR,-8.0089,-34.8553,76.73,73,75,14.54,broken clouds
535,Nogliki,RU,51.8333,143.1667,43.79,65,72,6.67,broken clouds
536,Tungor,RU,53.3808,142.9564,49.77,49,87,3.44,overcast clouds
537,High Rock,BS,26.6208,-78.2833,73.42,78,10,9.19,clear sky
538,Charters Towers,AU,-20.1,146.2667,80.11,33,5,14.52,clear sky
539,Arifwala,PK,30.294,73.0735,107.2,12,0,6.82,clear sky
540,Northam,GB,51.0333,-4.2167,49.3,97,29,4.63,scattered clouds
541,Koumac,NC,-20.5667,164.2833,73.67,61,1,9.57,clear sky
542,Arlit,NE,18.7369,7.3853,83.44,7,95,6.87,overcast clouds
543,Port-Gentil,GA,-0.7193,8.7815,79.05,84,100,11.59,overcast clouds
544,Otjiwarongo,NA,-20.4637,16.6477,51.22,48,0,8.99,clear sky
545,Yantzaza,EC,-3.8278,-78.7594,64.99,96,56,1.52,broken clouds
546,Marzuq,YE,14.4,46.4667,78.78,43,83,5.57,broken clouds
547,Kenora,CA,49.8167,-94.4337,42.78,59,8,5.01,clear sky
548,Kulachi,PK,31.9286,70.4592,101.73,11,0,2.15,clear sky
549,Sikasso,ML,10.9167,-7.0,81.19,63,100,2.77,overcast clouds
550,Nouadhibou,MR,20.931,-17.0347,62.58,94,0,18.41,clear sky
551,Londiani,KE,-0.165,35.5909,56.53,85,75,3.11,broken clouds
552,Boende,CD,-0.2167,20.8667,71.49,79,51,2.1,broken clouds
553,Nanortalik,GL,60.1432,-45.2371,37.76,86,84,9.19,broken clouds
554,Nouakchott,MR,18.0858,-15.9785,69.73,79,14,18.5,few clouds
555,San Angelo,US,31.4638,-100.437,80.82,68,1,4.0,clear sky
556,Beira,MZ,-19.8436,34.8389,62.69,94,40,5.23,scattered clouds
557,Mikhaylovskoye,RU,51.8239,79.7172,81.66,38,52,14.03,broken clouds
558,Gazanjyk,TM,39.2446,55.5154,75.9,57,96,14.7,overcast clouds
559,Bilma,NE,18.6853,12.9164,82.36,9,8,3.78,clear sky
560,Knysna,ZA,-34.0363,23.0471,52.18,65,100,3.62,overcast clouds
561,Hutchinson,US,38.0608,-97.9298,75.15,64,40,11.5,scattered clouds
562,Marienburg,PL,54.0359,19.0266,51.96,94,48,10.56,light rain
563,Kilimatinde,TZ,-5.85,34.95,63.77,71,38,3.09,scattered clouds
564,Znamenskoye,RU,57.1281,73.8282,53.51,58,94,19.91,overcast clouds
565,Kalmunai,LK,7.4167,81.8167,83.07,66,100,10.78,overcast clouds
566,Solenzo,BF,12.1833,-4.0833,87.21,40,55,6.64,broken clouds
567,Illela,NG,13.7292,5.2975,84.79,19,2,7.18,clear sky
568,Santiago Del Estero,AR,-27.7951,-64.2615,58.86,59,14,5.79,few clouds
569,Poso,ID,-1.3959,120.7524,86.16,68,24,5.35,few clouds
570,Santa Apolonia,GT,14.7914,-90.9708,56.52,96,96,4.63,overcast clouds
571,Mashhad,IR,36.297,59.6062,80.74,44,75,6.91,broken clouds
572,Koslan,RU,63.4564,48.8989,43.43,41,60,4.05,broken clouds
573,Kahului,US,20.8947,-156.47,78.82,79,40,4.61,scattered clouds
574,Aquiraz,BR,-3.9014,-38.3911,78.89,80,26,13.78,scattered clouds
575,Plastun,RU,44.7561,136.2939,47.16,85,100,6.71,overcast clouds
576,Maragogi,BR,-9.0122,-35.2225,76.12,80,59,10.85,broken clouds
577,Korablino,RU,53.9164,40.0133,66.92,69,70,10.6,broken clouds
578,Egvekinot,RU,66.3167,-179.1667,41.14,47,29,17.45,scattered clouds
579,San Fernando,PH,15.0286,120.6898,96.82,35,80,11.88,broken clouds
580,Ostrovnoy,RU,68.0531,39.5131,41.65,54,18,7.05,few clouds
581,Dali,CN,25.7,100.1833,72.68,68,93,3.67,overcast clouds
582,Ereymentau,KZ,51.6199,73.1033,66.29,43,90,11.81,overcast clouds
583,Amapa,BR,1.0,-52.0,70.99,99,93,1.25,overcast clouds
584,Stornoway,GB,58.2093,-6.3865,46.92,81,90,10.36,overcast clouds
585,Ternate,ID,0.8,127.4,85.75,68,16,7.54,few clouds
586,Acapulco,MX,16.8634,-99.8901,81.66,63,57,4.94,broken clouds
587,Great Falls,US,47.5002,-111.3008,45.41,91,1,6.91,clear sky
588,Aviles,ES,43.5547,-5.9248,53.19,92,20,1.01,few clouds
589,Nobeoka,JP,32.5833,131.6667,69.76,71,96,1.68,overcast clouds
590,Ugoofaaru,MV,5.6667,73.0,83.61,75,80,25.23,light rain
591,Humaita,BR,-7.5061,-63.0208,73.92,78,70,2.1,broken clouds
592,Machali,CL,-34.1833,-70.6667,57.18,36,9,2.24,clear sky
593,Santarem,BR,-2.4431,-54.7083,77.13,100,0,0.0,clear sky
594,Anito,PH,12.4497,125.2886,87.06,68,100,7.9,overcast clouds
595,Lujan,AR,-34.5703,-59.105,58.75,82,11,7.65,few clouds
596,Salinas,US,36.6777,-121.6555,57.42,79,1,9.22,clear sky
597,Dordrecht,NL,51.81,4.6736,52.21,88,100,7.0,overcast clouds
598,Paralimni,CY,35.0375,33.9833,73.89,89,0,7.0,clear sky
599,Ulladulla,AU,-35.35,150.4667,65.88,46,1,6.17,clear sky
600,Riyadh,SA,24.6877,46.7219,95.05,12,0,0.0,clear sky
601,Cansancao,BR,-10.6672,-39.4992,66.81,98,84,5.55,broken clouds
602,Vestmannaeyjar,IS,63.4427,-20.2734,43.86,78,27,22.37,scattered clouds
603,San Andres,CO,12.5847,-81.7006,80.62,89,40,13.8,scattered clouds
604,Libertador General San Martin,AR,-23.8064,-64.7876,54.97,75,100,2.55,overcast clouds
605,Novyy Urengoy,RU,66.0833,76.6333,39.56,51,45,13.73,scattered clouds
606,General Bravo,MX,25.8,-99.1667,78.17,78,25,20.6,scattered clouds
607,Itarema,BR,-2.9248,-39.9167,76.82,87,29,11.83,scattered clouds
608,Mwinilunga,ZM,-11.7358,24.4293,47.61,73,0,4.03,clear sky
609,Salalah,OM,17.0151,54.0924,86.09,70,20,8.05,few clouds
610,Fort Nelson,CA,58.8053,-122.7002,45.99,87,75,4.61,broken clouds
611,Oda,JP,35.1833,132.5,65.17,81,96,16.15,overcast clouds
612,Ifo,NG,6.8144,3.1958,80.22,93,71,4.12,broken clouds
613,Manokwari,ID,-0.8667,134.0833,82.89,71,87,6.69,overcast clouds
614,Padang,ID,-0.9492,100.3543,86.05,78,95,5.21,overcast clouds
615,Nemuro,JP,43.3236,145.575,57.63,83,59,8.81,light rain
616,Victor Harbor,AU,-35.5667,138.6167,63.91,71,92,1.99,overcast clouds
617,Tocopilla,CL,-22.092,-70.1979,66.54,65,100,6.22,light rain
618,Puerto Quijarro,BO,-17.7833,-57.7667,73.69,68,51,2.08,broken clouds
619,Dzilam Gonzalez,MX,21.2833,-88.9333,77.63,77,97,6.46,overcast clouds
620,Ipanguacu,BR,-5.4983,-36.855,73.26,77,23,9.51,few clouds
621,Teguise,ES,29.0605,-13.564,61.02,68,40,11.43,scattered clouds
622,Ha Tinh,VN,18.3333,105.9,89.38,63,59,7.61,broken clouds
623,Brawley,US,32.9787,-115.5303,84.49,17,1,10.0,clear sky
624,Batemans Bay,AU,-35.7167,150.1833,67.1,46,3,4.97,clear sky
625,Svetlogorsk,BY,52.6333,29.7333,58.59,81,3,7.36,clear sky
626,Santa Isabel Do Rio Negro,BR,-0.4139,-65.0192,72.28,99,100,0.69,overcast clouds
627,Sumenep,ID,-7.0167,113.8667,87.87,65,39,14.41,scattered clouds
628,Iskateley,RU,67.6803,53.1512,36.81,65,100,9.95,overcast clouds
629,Dukat,RU,62.55,155.55,41.31,72,100,15.68,overcast clouds
630,Puerto Madryn,AR,-42.7692,-65.0385,52.2,68,100,10.18,overcast clouds
631,Ayan,RU,56.45,138.1667,37.54,83,57,9.31,broken clouds
632,Monterey,US,36.2505,-121.2516,57.06,53,0,6.98,clear sky
633,Luwuk,ID,-0.9516,122.7875,86.04,71,8,7.96,clear sky
634,Sur,OM,22.5667,59.5289,97.77,34,0,2.53,clear sky
635,Bereznik,RU,62.8551,42.7072,37.71,86,99,6.89,overcast clouds
636,Centralia,US,46.7162,-122.9543,57.42,83,1,0.0,clear sky
637,Yeniseysk,RU,58.4497,92.1703,55.81,35,100,14.38,overcast clouds
638,Udayagiri,IN,20.1333,84.3833,90.3,35,100,12.73,overcast clouds
639,Amuntai,ID,-2.4177,115.2494,96.33,42,14,0.43,few clouds
640,Tondano,ID,1.3038,124.9112,80.69,63,23,3.27,few clouds
641,Wangkui,CN,46.8333,126.5,64.94,36,95,6.02,overcast clouds
642,Hami,CN,42.8,93.45,91.89,7,1,9.26,clear sky
643,Vrangel,RU,42.7297,133.0839,50.68,95,100,5.75,overcast clouds
644,Frederico Westphalen,BR,-27.3592,-53.3944,54.63,63,25,1.52,scattered clouds
645,Ashland,US,40.8167,-82.2665,62.58,93,48,4.92,scattered clouds
646,Narsaq,GL,60.9167,-46.05,35.82,90,100,3.94,overcast clouds
647,Lata,PT,40.1629,-8.3327,57.72,84,85,2.51,overcast clouds
648,Pokhara,NP,28.2333,83.9833,70.86,88,100,2.93,overcast clouds
649,Koungou,YT,-12.7336,45.2042,80.31,69,20,13.44,few clouds
650,Erzin,TR,36.9559,36.2,77.52,49,0,2.91,clear sky
651,Petrove,UA,48.3247,33.2562,68.18,67,39,6.2,scattered clouds
652,Seydi,TM,39.4816,62.9137,95.47,12,68,13.56,broken clouds
653,Bintulu,MY,3.1667,113.0333,93.61,62,20,8.05,few clouds
654,Mangrol,IN,21.1167,70.1167,85.73,71,100,14.81,overcast clouds
655,Cobija,BO,-11.0267,-68.7692,70.81,84,1,0.09,clear sky
656,Usak,TR,38.5,29.4167,64.38,43,100,1.7,overcast clouds
657,Eskisehir,TR,39.7767,30.5206,60.67,58,0,3.44,clear sky
658,Touros,BR,-5.1989,-35.4608,74.3,92,24,11.59,few clouds
659,Narrabri,AU,-30.3167,149.7833,66.52,26,0,12.66,clear sky
660,Sainte-Marie,RE,-20.8968,55.5496,80.73,65,0,3.44,clear sky
661,Tabou,CI,4.423,-7.3528,78.35,88,99,2.62,overcast clouds
662,Lensk,RU,60.7253,114.9278,60.15,49,99,1.86,overcast clouds
663,Shimoda,JP,34.6667,138.95,63.1,97,100,11.9,light rain
664,Caldwell,US,43.6629,-116.6874,62.47,63,1,0.0,clear sky
665,Whitianga,NZ,-36.8333,175.7,55.02,68,14,1.95,few clouds
666,Hamilton,US,39.1834,-84.5333,68.99,96,20,1.99,few clouds
667,Tomatlan,MX,19.9333,-105.25,74.05,81,3,1.86,clear sky
668,Ruteng,ID,-8.6136,120.4721,73.53,70,76,1.23,broken clouds
669,Shelburne,CA,44.0787,-80.2041,48.27,80,39,10.33,scattered clouds
670,Xuddur,SO,4.1213,43.8894,75.31,68,58,17.56,broken clouds
671,Feldbach,AT,46.9531,15.8883,57.76,84,62,2.15,broken clouds
672,Yerbogachen,RU,61.2767,108.0108,57.04,28,12,7.34,few clouds
673,Ust-Kuyga,RU,70.0167,135.6,62.6,41,74,17.98,broken clouds
674,Tilichiki,RU,60.4667,166.1,39.04,89,100,4.92,overcast clouds
675,Magadan,RU,59.5667,150.8,41.16,83,100,3.67,light rain
676,Luocheng,CN,29.3848,104.0286,72.64,73,100,2.59,overcast clouds
677,Khani,GE,41.9563,42.9566,54.97,56,2,3.22,clear sky
678,Kristiinankaupunki,FI,62.2743,21.376,40.8,96,100,15.75,overcast clouds
679,Sept-Iles,CA,50.2001,-66.3821,46.92,98,90,1.01,overcast clouds
680,Urusha,RU,54.05,122.9,49.08,54,100,3.36,overcast clouds
681,Megalopoli,GR,37.4011,22.1422,67.41,43,11,3.33,few clouds
682,Finschhafen,PG,-6.6024,147.8681,79.83,83,100,10.51,overcast clouds
683,Campoverde,PE,-8.4753,-74.8058,72.28,90,31,1.92,scattered clouds
684,Kargasok,RU,59.0556,80.8572,50.79,80,86,14.52,overcast clouds
685,Neiafu,TO,-18.65,-173.9833,74.08,94,75,4.61,broken clouds
686,Varberg,SE,57.1056,12.2508,49.05,92,95,7.4,overcast clouds
687,Cape Coast,GH,5.1053,-1.2466,79.23,88,84,9.22,broken clouds
688,Hibbing,US,47.4272,-92.9377,42.15,65,1,3.44,clear sky
689,Pierre,US,44.3683,-100.351,47.98,87,90,12.66,overcast clouds
690,Wladyslawowo,PL,54.7909,18.4009,54.93,89,22,9.08,few clouds
691,Orlik,RU,52.5178,99.825,48.63,64,40,6.22,scattered clouds
692,Belgrade,RS,44.804,20.4651,62.65,59,0,4.21,clear sky
693,Mildura,AU,-34.2,142.15,63.07,59,90,10.36,overcast clouds
694,Agadez,NE,19.75,10.25,78.87,6,2,3.71,clear sky
695,Martinis,RO,46.2333,25.3833,60.46,92,97,2.44,overcast clouds
696,Grand-Santi,GF,4.25,-54.3833,73.67,99,100,1.39,overcast clouds
697,Saint Paul,US,44.9444,-93.0933,57.56,59,1,3.44,clear sky
698,Hede,CN,33.7681,120.2517,87.78,24,0,11.61,clear sky
699,Xiamen,CN,24.4798,118.0819,93.25,55,40,8.95,scattered clouds
